{
	"name": "RAKwireless MQx library",
	"version": "1.0.0",
	"keywords": [
		"ADC",
		"MQx",
		"RAKWireless",
		"WisBlock",
		"RAK12004",
		"RAK12008",
		"RAK12009"
	],
	"description": "RAKWireless library for the MQx Gas Sensor Modules",
	"frameworks": [
		"arduino"
	],
	"platforms": [
		"*"
	],
	"license": "MIT",
	"authors": [
		{
			"email": "clark.li@rakwireless.com",
			"url": "https://rakwireless.com",
			"maintainer": true,
			"name": "Michael Hao"
		}
	],
	"repository": {
		"type": "git",
		"url": "https://github.com/RAKWireless/RAK-MQx-Library"
	},
	"homepage": "https://rakwireless.com"
}